record_number,accessed_date,cruise_number,sample_date_local,year,vessel_name,transect_name,dist_offshore_nautical_miles,station_depth_meters,station_code,start_time_local,start_lat_decimal_deg_north,start_long_decl_deg_west,salmon_id_number,common_name,genus_species,age_classbylength,tagged_code,tagged_description,count,field_length_millimeters,type_of_length,length_description,method_saved,lab_fork_length_millimeters,lab_weight_grams,pit_code,coded_wire_tag_number,genetic_stock_best_estimate,genetic_stock_best_est_prob,genetic_stock_2nd_best_est,genetic_stock_2nd_bst_est_prob,insulin_like_grwth_fct_1_ng_ml,pct_based_tag_hatchery_asgn,pct_based_tag_prob,fkln_mm_freshw_emg_otolith,nwfsc_parr_source_url,nwfsc_parr_data_citation
Row 1 of 1808,Accessed on 2019-07-24 04:02:26,51,2015-05-24T00:00:00,2015,Frosti,,,130,052415MC4,2015-05-24T13:51:00,46.17117,-124.451,35032,Chinook salmon,Oncorhynchus tshawytscha,yearling,Ad/PBT,Ad clipped & Parentage Based Tagging,1,147,FL (mm),Fork Length,Frozen,144,25.6,,,Snake_Sp,0.999,,,41.26006,RapidRiver,0.998747,,https://www.webapps.nwfsc.noaa.gov/apex/parrdata/inventory/tables/table/ocean_juvenile_salmon_metrics,"Morgan, Cheryl; 03/20/2017. NOAA Fisheries Northwest Fisheries Science Center. Juvenile Salmonid Metrics: ocean_juvenile_salmon_metrics (https://www.webapps.nwfsc.noaa.gov/apex/parrdata/inventory/tables/table/ocean_juvenile_salmon_metrics)"
Row 4 of 1808,Accessed on 2019-07-24 04:02:26,51,2015-05-24T00:00:00,2015,Frosti,,,130,052415MC4,2015-05-24T13:51:00,46.17117,-124.451,35035,Sockeye salmon,Oncorhynchus nerka,juvenile,NO,NO TAG,1,121,FL (mm),Fork Length,Frozen,,,,,Okanogan,1.0,,,,,,,https://www.webapps.nwfsc.noaa.gov/apex/parrdata/inventory/tables/table/ocean_juvenile_salmon_metrics,"Morgan, Cheryl; 03/20/2017. NOAA Fisheries Northwest Fisheries Science Center. Juvenile Salmonid Metrics: ocean_juvenile_salmon_metrics (https://www.webapps.nwfsc.noaa.gov/apex/parrdata/inventory/tables/table/ocean_juvenile_salmon_metrics)"
Row 5 of 1808,Accessed on 2019-07-24 04:02:26,51,2015-05-24T00:00:00,2015,Frosti,,,130,052415MC4,2015-05-24T13:51:00,46.17117,-124.451,35036,Sockeye salmon,Oncorhynchus nerka,juvenile,NO,NO TAG,1,112,FL (mm),Fork Length,Frozen,,,,,Wenatchee,1.0,,,,,,,https://www.webapps.nwfsc.noaa.gov/apex/parrdata/inventory/tables/table/ocean_juvenile_salmon_metrics,"Morgan, Cheryl; 03/20/2017. NOAA Fisheries Northwest Fisheries Science Center. Juvenile Salmonid Metrics: ocean_juvenile_salmon_metrics (https://www.webapps.nwfsc.noaa.gov/apex/parrdata/inventory/tables/table/ocean_juvenile_salmon_metrics)"
Row 6 of 1808,Accessed on 2019-07-24 04:02:26,51,2015-05-24T00:00:00,2015,Frosti,,,130,052415MC4,2015-05-24T13:51:00,46.17117,-124.451,35037,Steelhead,Oncorhynchus mykiss,juvenile,NO,NO TAG,1,220,FL (mm),Fork Length,Frozen,,,,,Mid&Up_CR/Low_Snake,0.9986,,0.0,42.70981,,,,https://www.webapps.nwfsc.noaa.gov/apex/parrdata/inventory/tables/table/ocean_juvenile_salmon_metrics,"Morgan, Cheryl; 03/20/2017. NOAA Fisheries Northwest Fisheries Science Center. Juvenile Salmonid Metrics: ocean_juvenile_salmon_metrics (https://www.webapps.nwfsc.noaa.gov/apex/parrdata/inventory/tables/table/ocean_juvenile_salmon_metrics)"
Row 7 of 1808,Accessed on 2019-07-24 04:02:26,51,2015-05-24T00:00:00,2015,Frosti,,,130,052415MC4,2015-05-24T13:51:00,46.17117,-124.451,35038,Steelhead,Oncorhynchus mykiss,juvenile,NO,NO TAG,1,152,FL (mm),Fork Length,Frozen,,,,,Low_Columbia,0.9991,,0.0,,,,,https://www.webapps.nwfsc.noaa.gov/apex/parrdata/inventory/tables/table/ocean_juvenile_salmon_metrics,"Morgan, Cheryl; 03/20/2017. NOAA Fisheries Northwest Fisheries Science Center. Juvenile Salmonid Metrics: ocean_juvenile_salmon_metrics (https://www.webapps.nwfsc.noaa.gov/apex/parrdata/inventory/tables/table/ocean_juvenile_salmon_metrics)"
Row 2 of 1808,Accessed on 2019-07-24 04:02:26,51,2015-05-24T00:00:00,2015,Frosti,,,130,052415MC4,2015-05-24T13:51:00,46.17117,-124.451,35033,Chinook salmon,Oncorhynchus tshawytscha,mixed age juvenile,NO,NO TAG,1,444,FL (mm),Fork Length,Frozen,,1011.7,,,,,,,62.11528,,,,https://www.webapps.nwfsc.noaa.gov/apex/parrdata/inventory/tables/table/ocean_juvenile_salmon_metrics,"Morgan, Cheryl; 03/20/2017. NOAA Fisheries Northwest Fisheries Science Center. Juvenile Salmonid Metrics: ocean_juvenile_salmon_metrics (https://www.webapps.nwfsc.noaa.gov/apex/parrdata/inventory/tables/table/ocean_juvenile_salmon_metrics)"
Row 3 of 1808,Accessed on 2019-07-24 04:02:26,51,2015-05-24T00:00:00,2015,Frosti,,,130,052415MC4,2015-05-24T13:51:00,46.17117,-124.451,35034,Sockeye salmon,Oncorhynchus nerka,juvenile,NO,NO TAG,1,139,FL (mm),Fork Length,Frozen,,,,,Wenatchee,1.0,,,,,,,https://www.webapps.nwfsc.noaa.gov/apex/parrdata/inventory/tables/table/ocean_juvenile_salmon_metrics,"Morgan, Cheryl; 03/20/2017. NOAA Fisheries Northwest Fisheries Science Center. Juvenile Salmonid Metrics: ocean_juvenile_salmon_metrics (https://www.webapps.nwfsc.noaa.gov/apex/parrdata/inventory/tables/table/ocean_juvenile_salmon_metrics)"
Row 16 of 1808,Accessed on 2019-07-24 04:02:26,51,2015-05-24T00:00:00,2015,Frosti,,,130,052415MC4,2015-05-24T13:51:00,46.17117,-124.451,35048,Steelhead,Oncorhynchus mykiss,juvenile,Ad/PBT,Ad clipped & Parentage Based Tagging,1,288,FL (mm),Fork Length,Frozen,,,,,Mid&Up_CR/Low_Snake,0.995898,Mid&Up_CR/Low_Snake,0.1564,24.24277,Oxbow,0.996,,https://www.webapps.nwfsc.noaa.gov/apex/parrdata/inventory/tables/table/ocean_juvenile_salmon_metrics,"Morgan, Cheryl; 03/20/2017. NOAA Fisheries Northwest Fisheries Science Center. Juvenile Salmonid Metrics: ocean_juvenile_salmon_metrics (https://www.webapps.nwfsc.noaa.gov/apex/parrdata/inventory/tables/table/ocean_juvenile_salmon_metrics)"
Row 17 of 1808,Accessed on 2019-07-24 04:02:26,51,2015-05-24T00:00:00,2015,Frosti,,,130,052415MC4,2015-05-24T13:51:00,46.17117,-124.451,35049,Steelhead,Oncorhynchus mykiss,juvenile,Ad/PBT,Ad clipped & Parentage Based Tagging,1,190,FL (mm),Fork Length,Frozen,,,,,Mid&Up_CR/Low_Snake,0.998177,,0.0,,Wallowa,0.998,,https://www.webapps.nwfsc.noaa.gov/apex/parrdata/inventory/tables/table/ocean_juvenile_salmon_metrics,"Morgan, Cheryl; 03/20/2017. NOAA Fisheries Northwest Fisheries Science Center. Juvenile Salmonid Metrics: ocean_juvenile_salmon_metrics (https://www.webapps.nwfsc.noaa.gov/apex/parrdata/inventory/tables/table/ocean_juvenile_salmon_metrics)"
Row 18 of 1808,Accessed on 2019-07-24 04:02:26,51,2015-05-24T00:00:00,2015,Frosti,,,130,052415MC4,2015-05-24T13:51:00,46.17117,-124.451,35050,Steelhead,Oncorhynchus mykiss,juvenile,Ad/PBT,Ad clipped & Parentage Based Tagging,1,283,FL (mm),Fork Length,Frozen,,,,,Mid&Up_CR/Low_Snake,0.999975,Salmon_R,0.0857,63.46597,Oxbow,1.0,,https://www.webapps.nwfsc.noaa.gov/apex/parrdata/inventory/tables/table/ocean_juvenile_salmon_metrics,"Morgan, Cheryl; 03/20/2017. NOAA Fisheries Northwest Fisheries Science Center. Juvenile Salmonid Metrics: ocean_juvenile_salmon_metrics (https://www.webapps.nwfsc.noaa.gov/apex/parrdata/inventory/tables/table/ocean_juvenile_salmon_metrics)"
Row 19 of 1808,Accessed on 2019-07-24 04:02:26,51,2015-05-24T00:00:00,2015,Frosti,,,130,052415MC4,2015-05-24T13:51:00,46.17117,-124.451,35051,Steelhead,Oncorhynchus mykiss,juvenile,Ad/PBT,Ad clipped & Parentage Based Tagging,1,279,FL (mm),Fork Length,Frozen,,,,,Mid&Up_CR/Low_Snake,0.999394,,0.0,61.1822,Oxbow,0.999,,https://www.webapps.nwfsc.noaa.gov/apex/parrdata/inventory/tables/table/ocean_juvenile_salmon_metrics,"Morgan, Cheryl; 03/20/2017. NOAA Fisheries Northwest Fisheries Science Center. Juvenile Salmonid Metrics: ocean_juvenile_salmon_metrics (https://www.webapps.nwfsc.noaa.gov/apex/parrdata/inventory/tables/table/ocean_juvenile_salmon_metrics)"
Row 20 of 1808,Accessed on 2019-07-24 04:02:26,51,2015-05-24T00:00:00,2015,Frosti,,,130,052415MC4,2015-05-24T13:51:00,46.17117,-124.451,35052,Steelhead,Oncorhynchus mykiss,juvenile,Ad/PBT,Ad clipped & Parentage Based Tagging,1,235,FL (mm),Fork Length,Frozen,,,,,Mid&Up_CR/Low_Snake,0.991242,,0.0,30.62597,Wallowa,0.991,,https://www.webapps.nwfsc.noaa.gov/apex/parrdata/inventory/tables/table/ocean_juvenile_salmon_metrics,"Morgan, Cheryl; 03/20/2017. NOAA Fisheries Northwest Fisheries Science Center. Juvenile Salmonid Metrics: ocean_juvenile_salmon_metrics (https://www.webapps.nwfsc.noaa.gov/apex/parrdata/inventory/tables/table/ocean_juvenile_salmon_metrics)"
Row 21 of 1808,Accessed on 2019-07-24 04:02:26,51,2015-05-24T00:00:00,2015,Frosti,,,130,052415MC4,2015-05-24T13:51:00,46.17117,-124.451,35053,Steelhead,Oncorhynchus mykiss,juvenile,Ad/PBT,Ad clipped & Parentage Based Tagging,1,230,FL (mm),Fork Length,Frozen,,,,,Salmon_R,0.999953,Mid&Up_CR/Low_Snake,0.3727,49.42205,Sawtooth,1.0,,https://www.webapps.nwfsc.noaa.gov/apex/parrdata/inventory/tables/table/ocean_juvenile_salmon_metrics,"Morgan, Cheryl; 03/20/2017. NOAA Fisheries Northwest Fisheries Science Center. Juvenile Salmonid Metrics: ocean_juvenile_salmon_metrics (https://www.webapps.nwfsc.noaa.gov/apex/parrdata/inventory/tables/table/ocean_juvenile_salmon_metrics)"
Row 22 of 1808,Accessed on 2019-07-24 04:02:26,51,2015-05-24T00:00:00,2015,Frosti,,,130,052415MC4,2015-05-24T13:51:00,46.17117,-124.451,35054,Steelhead,Oncorhynchus mykiss,juvenile,Ad,Ad clipped,1,176,FL (mm),Fork Length,Frozen,,,,,Low_Columbia,1.0,,0.0,56.29818,,,,https://www.webapps.nwfsc.noaa.gov/apex/parrdata/inventory/tables/table/ocean_juvenile_salmon_metrics,"Morgan, Cheryl; 03/20/2017. NOAA Fisheries Northwest Fisheries Science Center. Juvenile Salmonid Metrics: ocean_juvenile_salmon_metrics (https://www.webapps.nwfsc.noaa.gov/apex/parrdata/inventory/tables/table/ocean_juvenile_salmon_metrics)"
Row 23 of 1808,Accessed on 2019-07-24 04:02:26,51,2015-05-24T00:00:00,2015,Frosti,,,130,052415MC4,2015-05-24T13:51:00,46.17117,-124.451,35055,Steelhead,Oncorhynchus mykiss,juvenile,Ad/PBT,Ad clipped & Parentage Based Tagging,1,123,FL (mm),Fork Length,Frozen,,,,,Mid&Up_CR/Low_Snake,0.99884,Mid&Up_CR/Low_Snake,0.3486,55.7222,Oxbow,0.999,,https://www.webapps.nwfsc.noaa.gov/apex/parrdata/inventory/tables/table/ocean_juvenile_salmon_metrics,"Morgan, Cheryl; 03/20/2017. NOAA Fisheries Northwest Fisheries Science Center. Juvenile Salmonid Metrics: ocean_juvenile_salmon_metrics (https://www.webapps.nwfsc.noaa.gov/apex/parrdata/inventory/tables/table/ocean_juvenile_salmon_metrics)"
Row 24 of 1808,Accessed on 2019-07-24 04:02:26,51,2015-05-24T00:00:00,2015,Frosti,,,130,052415MC4,2015-05-24T13:51:00,46.17117,-124.451,35056,Steelhead,Oncorhynchus mykiss,juvenile,Ad/PBT,Ad clipped & Parentage Based Tagging,1,208,FL (mm),Fork Length,Frozen,,,,,Mid&Up_CR/Low_Snake,0.999705,Salmon_R,0.0102,57.36612,Wallowa,1.0,,https://www.webapps.nwfsc.noaa.gov/apex/parrdata/inventory/tables/table/ocean_juvenile_salmon_metrics,"Morgan, Cheryl; 03/20/2017. NOAA Fisheries Northwest Fisheries Science Center. Juvenile Salmonid Metrics: ocean_juvenile_salmon_metrics (https://www.webapps.nwfsc.noaa.gov/apex/parrdata/inventory/tables/table/ocean_juvenile_salmon_metrics)"
Row 25 of 1808,Accessed on 2019-07-24 04:02:26,51,2015-05-24T00:00:00,2015,Frosti,,,130,052415MC4,2015-05-24T13:51:00,46.17117,-124.451,35057,Steelhead,Oncorhynchus mykiss,juvenile,Ad/PBT,Ad clipped & Parentage Based Tagging,1,240,FL (mm),Fork Length,Frozen,,,,,Salmon_R,0.998483,Salmon_R,0.2702,20.20055,Pahsimeroi,0.998,,https://www.webapps.nwfsc.noaa.gov/apex/parrdata/inventory/tables/table/ocean_juvenile_salmon_metrics,"Morgan, Cheryl; 03/20/2017. NOAA Fisheries Northwest Fisheries Science Center. Juvenile Salmonid Metrics: ocean_juvenile_salmon_metrics (https://www.webapps.nwfsc.noaa.gov/apex/parrdata/inventory/tables/table/ocean_juvenile_salmon_metrics)"
Row 26 of 1808,Accessed on 2019-07-24 04:02:26,51,2015-05-24T00:00:00,2015,Frosti,,,130,052415MC4,2015-05-24T13:51:00,46.17117,-124.451,35058,Steelhead,Oncorhynchus mykiss,juvenile,Ad,Ad clipped,1,243,FL (mm),Fork Length,Frozen,,,,,Low_Columbia,1.0,,0.0,79.64469,,,,https://www.webapps.nwfsc.noaa.gov/apex/parrdata/inventory/tables/table/ocean_juvenile_salmon_metrics,"Morgan, Cheryl; 03/20/2017. NOAA Fisheries Northwest Fisheries Science Center. Juvenile Salmonid Metrics: ocean_juvenile_salmon_metrics (https://www.webapps.nwfsc.noaa.gov/apex/parrdata/inventory/tables/table/ocean_juvenile_salmon_metrics)"
Row 27 of 1808,Accessed on 2019-07-24 04:02:26,51,2015-05-24T00:00:00,2015,Frosti,,,130,052415MC4,2015-05-24T13:51:00,46.17117,-124.451,35059,Steelhead,Oncorhynchus mykiss,juvenile,Ad,Ad clipped,1,185,FL (mm),Fork Length,Frozen,,,,,Low_Columbia,1.0,,0.0,73.085,,,,https://www.webapps.nwfsc.noaa.gov/apex/parrdata/inventory/tables/table/ocean_juvenile_salmon_metrics,"Morgan, Cheryl; 03/20/2017. NOAA Fisheries Northwest Fisheries Science Center. Juvenile Salmonid Metrics: ocean_juvenile_salmon_metrics (https://www.webapps.nwfsc.noaa.gov/apex/parrdata/inventory/tables/table/ocean_juvenile_salmon_metrics)"
Row 28 of 1808,Accessed on 2019-07-24 04:02:26,51,2015-05-24T00:00:00,2015,Frosti,,,130,052415MC4,2015-05-24T13:51:00,46.17117,-124.451,35060,Steelhead,Oncorhynchus mykiss,juvenile,Ad/PIT/PBT,Ad clipped & PIT Tag & Parentage Based Tagging,1,248,FL (mm),Fork Length,Frozen,,,3DD.0077712E2A,,Salmon_R,0.999069,Mid&Up_CR/Low_Snake,0.3336,40.21412,Pahsimeroi,0.999,,https://www.webapps.nwfsc.noaa.gov/apex/parrdata/inventory/tables/table/ocean_juvenile_salmon_metrics,"Morgan, Cheryl; 03/20/2017. NOAA Fisheries Northwest Fisheries Science Center. Juvenile Salmonid Metrics: ocean_juvenile_salmon_metrics (https://www.webapps.nwfsc.noaa.gov/apex/parrdata/inventory/tables/table/ocean_juvenile_salmon_metrics)"
Row 29 of 1808,Accessed on 2019-07-24 04:02:26,51,2015-05-24T00:00:00,2015,Frosti,,,130,052415MC4,2015-05-24T13:51:00,46.17117,-124.451,35061,Steelhead,Oncorhynchus mykiss,juvenile,Ad/PBT,Ad clipped & Parentage Based Tagging,1,221,FL (mm),Fork Length,Frozen,,,,,Mid&Up_CR/Low_Snake,0.999597,Salmon_R,0.1524,47.92181,Wallowa,1.0,,https://www.webapps.nwfsc.noaa.gov/apex/parrdata/inventory/tables/table/ocean_juvenile_salmon_metrics,"Morgan, Cheryl; 03/20/2017. NOAA Fisheries Northwest Fisheries Science Center. Juvenile Salmonid Metrics: ocean_juvenile_salmon_metrics (https://www.webapps.nwfsc.noaa.gov/apex/parrdata/inventory/tables/table/ocean_juvenile_salmon_metrics)"
Row 30 of 1808,Accessed on 2019-07-24 04:02:26,51,2015-05-24T00:00:00,2015,Frosti,,,130,052415MC4,2015-05-24T13:51:00,46.17117,-124.451,35062,Steelhead,Oncorhynchus mykiss,juvenile,Ad/PBT,Ad clipped & Parentage Based Tagging,1,198,FL (mm),Fork Length,Frozen,,,,,Salmon_R,0.99964,Mid&Up_CR/Low_Snake,0.0291,5.904613,Pahsimeroi,1.0,,https://www.webapps.nwfsc.noaa.gov/apex/parrdata/inventory/tables/table/ocean_juvenile_salmon_metrics,"Morgan, Cheryl; 03/20/2017. NOAA Fisheries Northwest Fisheries Science Center. Juvenile Salmonid Metrics: ocean_juvenile_salmon_metrics (https://www.webapps.nwfsc.noaa.gov/apex/parrdata/inventory/tables/table/ocean_juvenile_salmon_metrics)"
Row 31 of 1808,Accessed on 2019-07-24 04:02:26,51,2015-05-24T00:00:00,2015,Frosti,,,130,052415MC4,2015-05-24T13:51:00,46.17117,-124.451,35063,Steelhead,Oncorhynchus mykiss,juvenile,Ad/PBT,Ad clipped & Parentage Based Tagging,1,228,FL (mm),Fork Length,Frozen,,,,,Mid&Up_CR/Low_Snake,0.997972,Salmon_R,0.0614,53.7384,Lyons_Ferry,0.998,,https://www.webapps.nwfsc.noaa.gov/apex/parrdata/inventory/tables/table/ocean_juvenile_salmon_metrics,"Morgan, Cheryl; 03/20/2017. NOAA Fisheries Northwest Fisheries Science Center. Juvenile Salmonid Metrics: ocean_juvenile_salmon_metrics (https://www.webapps.nwfsc.noaa.gov/apex/parrdata/inventory/tables/table/ocean_juvenile_salmon_metrics)"
Row 8 of 1808,Accessed on 2019-07-24 04:02:26,51,2015-05-24T00:00:00,2015,Frosti,,,130,052415MC4,2015-05-24T13:51:00,46.17117,-124.451,35039,Steelhead,Oncorhynchus mykiss,juvenile,NO,NO TAG,1,201,FL (mm),Fork Length,Frozen,,,,,Mid&Up_CR/Low_Snake,0.9952,,0.0,9.923847,,,,https://www.webapps.nwfsc.noaa.gov/apex/parrdata/inventory/tables/table/ocean_juvenile_salmon_metrics,"Morgan, Cheryl; 03/20/2017. NOAA Fisheries Northwest Fisheries Science Center. Juvenile Salmonid Metrics: ocean_juvenile_salmon_metrics (https://www.webapps.nwfsc.noaa.gov/apex/parrdata/inventory/tables/table/ocean_juvenile_salmon_metrics)"
Row 9 of 1808,Accessed on 2019-07-24 04:02:26,51,2015-05-24T00:00:00,2015,Frosti,,,130,052415MC4,2015-05-24T13:51:00,46.17117,-124.451,35040,Steelhead,Oncorhynchus mykiss,juvenile,NO,NO TAG,1,200,FL (mm),Fork Length,Frozen,,,,,Salmon_R,0.7249,Mid&Up_CR/Low_Snake,0.2751,38.11324,,,,https://www.webapps.nwfsc.noaa.gov/apex/parrdata/inventory/tables/table/ocean_juvenile_salmon_metrics,"Morgan, Cheryl; 03/20/2017. NOAA Fisheries Northwest Fisheries Science Center. Juvenile Salmonid Metrics: ocean_juvenile_salmon_metrics (https://www.webapps.nwfsc.noaa.gov/apex/parrdata/inventory/tables/table/ocean_juvenile_salmon_metrics)"
Row 10 of 1808,Accessed on 2019-07-24 04:02:26,51,2015-05-24T00:00:00,2015,Frosti,,,130,052415MC4,2015-05-24T13:51:00,46.17117,-124.451,35041,Hybrid steelhead and cutthroat trout,Steelthroat,juvenile,NO,NO TAG,1,194,FL (mm),Fork Length,Frozen,,,,,,,,,62.14211,,,,https://www.webapps.nwfsc.noaa.gov/apex/parrdata/inventory/tables/table/ocean_juvenile_salmon_metrics,"Morgan, Cheryl; 03/20/2017. NOAA Fisheries Northwest Fisheries Science Center. Juvenile Salmonid Metrics: ocean_juvenile_salmon_metrics (https://www.webapps.nwfsc.noaa.gov/apex/parrdata/inventory/tables/table/ocean_juvenile_salmon_metrics)"
Row 11 of 1808,Accessed on 2019-07-24 04:02:26,51,2015-05-24T00:00:00,2015,Frosti,,,130,052415MC4,2015-05-24T13:51:00,46.17117,-124.451,35042,Steelhead,Oncorhynchus mykiss,juvenile,CWT/PBT,CWT & Parentage Based Tagging,1,247,FL (mm),Fork Length,Frozen,,,,,Salmon_R,0.987922,Salmon_R,0.1189,46.40051,Pahsimeroi,0.988,,https://www.webapps.nwfsc.noaa.gov/apex/parrdata/inventory/tables/table/ocean_juvenile_salmon_metrics,"Morgan, Cheryl; 03/20/2017. NOAA Fisheries Northwest Fisheries Science Center. Juvenile Salmonid Metrics: ocean_juvenile_salmon_metrics (https://www.webapps.nwfsc.noaa.gov/apex/parrdata/inventory/tables/table/ocean_juvenile_salmon_metrics)"
Row 12 of 1808,Accessed on 2019-07-24 04:02:26,51,2015-05-24T00:00:00,2015,Frosti,,,130,052415MC4,2015-05-24T13:51:00,46.17117,-124.451,35043,Steelhead,Oncorhynchus mykiss,juvenile,CWT/PBT,CWT & Parentage Based Tagging,1,272,FL (mm),Fork Length,Frozen,,,,,Clearwater,0.985101,,0.0,42.59209,Dworshak,0.985,,https://www.webapps.nwfsc.noaa.gov/apex/parrdata/inventory/tables/table/ocean_juvenile_salmon_metrics,"Morgan, Cheryl; 03/20/2017. NOAA Fisheries Northwest Fisheries Science Center. Juvenile Salmonid Metrics: ocean_juvenile_salmon_metrics (https://www.webapps.nwfsc.noaa.gov/apex/parrdata/inventory/tables/table/ocean_juvenile_salmon_metrics)"
Row 13 of 1808,Accessed on 2019-07-24 04:02:26,51,2015-05-24T00:00:00,2015,Frosti,,,130,052415MC4,2015-05-24T13:51:00,46.17117,-124.451,35044,Steelhead,Oncorhynchus mykiss,juvenile,NO,NO TAG,1,160,FL (mm),Fork Length,Frozen,,,,,Clearwater,0.9618,Mid&Up_CR/Low_Snake,0.0288,23.61155,,,,https://www.webapps.nwfsc.noaa.gov/apex/parrdata/inventory/tables/table/ocean_juvenile_salmon_metrics,"Morgan, Cheryl; 03/20/2017. NOAA Fisheries Northwest Fisheries Science Center. Juvenile Salmonid Metrics: ocean_juvenile_salmon_metrics (https://www.webapps.nwfsc.noaa.gov/apex/parrdata/inventory/tables/table/ocean_juvenile_salmon_metrics)"
Row 14 of 1808,Accessed on 2019-07-24 04:02:26,51,2015-05-24T00:00:00,2015,Frosti,,,130,052415MC4,2015-05-24T13:51:00,46.17117,-124.451,35045,Steelhead,Oncorhynchus mykiss,juvenile,NO,NO TAG,1,177,FL (mm),Fork Length,Frozen,,,,,Willamette,0.9986,,0.0,4.4603,,,,https://www.webapps.nwfsc.noaa.gov/apex/parrdata/inventory/tables/table/ocean_juvenile_salmon_metrics,"Morgan, Cheryl; 03/20/2017. NOAA Fisheries Northwest Fisheries Science Center. Juvenile Salmonid Metrics: ocean_juvenile_salmon_metrics (https://www.webapps.nwfsc.noaa.gov/apex/parrdata/inventory/tables/table/ocean_juvenile_salmon_metrics)"
Row 15 of 1808,Accessed on 2019-07-24 04:02:26,51,2015-05-24T00:00:00,2015,Frosti,,,130,052415MC4,2015-05-24T13:51:00,46.17117,-124.451,35046,Steelhead,Oncorhynchus mykiss,juvenile,NO,NO TAG,1,188,FL (mm),Fork Length,Frozen,,,,,Low_Columbia,1.0,,0.0,,,,,https://www.webapps.nwfsc.noaa.gov/apex/parrdata/inventory/tables/table/ocean_juvenile_salmon_metrics,"Morgan, Cheryl; 03/20/2017. NOAA Fisheries Northwest Fisheries Science Center. Juvenile Salmonid Metrics: ocean_juvenile_salmon_metrics (https://www.webapps.nwfsc.noaa.gov/apex/parrdata/inventory/tables/table/ocean_juvenile_salmon_metrics)"
Row 64 of 1808,Accessed on 2019-07-24 04:02:26,51,2015-05-25T00:00:00,2015,Frosti,,,100,052515MC10,2015-05-25T11:58:00,46.3315,-124.3562,35142,Chinook salmon,Oncorhynchus tshawytscha,yearling,Ad,Ad clipped,1,149,FL (mm),Fork Length,Frozen,,,,,Mid&UCR_Sp,0.9593,Snake_Sp,0.0407,66.46594,,,,https://www.webapps.nwfsc.noaa.gov/apex/parrdata/inventory/tables/table/ocean_juvenile_salmon_metrics,"Morgan, Cheryl; 03/20/2017. NOAA Fisheries Northwest Fisheries Science Center. Juvenile Salmonid Metrics: ocean_juvenile_salmon_metrics (https://www.webapps.nwfsc.noaa.gov/apex/parrdata/inventory/tables/table/ocean_juvenile_salmon_metrics)"
Row 65 of 1808,Accessed on 2019-07-24 04:02:26,51,2015-05-25T00:00:00,2015,Frosti,,,100,052515MC10,2015-05-25T11:58:00,46.3315,-124.3562,35143,Chinook salmon,Oncorhynchus tshawytscha,yearling,Ad,Ad clipped,1,204,FL (mm),Fork Length,Frozen,,,,,WR_Sp,1.0,,,80.94684,,,,https://www.webapps.nwfsc.noaa.gov/apex/parrdata/inventory/tables/table/ocean_juvenile_salmon_metrics,"Morgan, Cheryl; 03/20/2017. NOAA Fisheries Northwest Fisheries Science Center. Juvenile Salmonid Metrics: ocean_juvenile_salmon_metrics (https://www.webapps.nwfsc.noaa.gov/apex/parrdata/inventory/tables/table/ocean_juvenile_salmon_metrics)"
Row 66 of 1808,Accessed on 2019-07-24 04:02:26,51,2015-05-25T00:00:00,2015,Frosti,,,100,052515MC10,2015-05-25T11:58:00,46.3315,-124.3562,35144,Sockeye salmon,Oncorhynchus nerka,juvenile,Ad,Ad clipped,1,140,FL (mm),Fork Length,Frozen,,,,,Redfish,0.9968,,,,,,,https://www.webapps.nwfsc.noaa.gov/apex/parrdata/inventory/tables/table/ocean_juvenile_salmon_metrics,"Morgan, Cheryl; 03/20/2017. NOAA Fisheries Northwest Fisheries Science Center. Juvenile Salmonid Metrics: ocean_juvenile_salmon_metrics (https://www.webapps.nwfsc.noaa.gov/apex/parrdata/inventory/tables/table/ocean_juvenile_salmon_metrics)"
Row 67 of 1808,Accessed on 2019-07-24 04:02:26,51,2015-05-25T00:00:00,2015,Frosti,,,100,052515MC10,2015-05-25T11:58:00,46.3315,-124.3562,35145,Chinook salmon,Oncorhynchus tshawytscha,yearling,Ad,Ad clipped,1,130,FL (mm),Fork Length,Frozen,,,,,Snake_Sp,0.9984,,,23.37636,,,,https://www.webapps.nwfsc.noaa.gov/apex/parrdata/inventory/tables/table/ocean_juvenile_salmon_metrics,"Morgan, Cheryl; 03/20/2017. NOAA Fisheries Northwest Fisheries Science Center. Juvenile Salmonid Metrics: ocean_juvenile_salmon_metrics (https://www.webapps.nwfsc.noaa.gov/apex/parrdata/inventory/tables/table/ocean_juvenile_salmon_metrics)"
Row 68 of 1808,Accessed on 2019-07-24 04:02:26,51,2015-05-25T00:00:00,2015,Frosti,,,100,052515MC10,2015-05-25T11:58:00,46.3315,-124.3562,35146,Chinook salmon,Oncorhynchus tshawytscha,mixed age juvenile,Ad,Ad clipped,1,422,FL (mm),Fork Length,Frozen,,902.4,,,,,,,100.8254,,,,https://www.webapps.nwfsc.noaa.gov/apex/parrdata/inventory/tables/table/ocean_juvenile_salmon_metrics,"Morgan, Cheryl; 03/20/2017. NOAA Fisheries Northwest Fisheries Science Center. Juvenile Salmonid Metrics: ocean_juvenile_salmon_metrics (https://www.webapps.nwfsc.noaa.gov/apex/parrdata/inventory/tables/table/ocean_juvenile_salmon_metrics)"
Row 69 of 1808,Accessed on 2019-07-24 04:02:26,51,2015-05-25T00:00:00,2015,Frosti,,,100,052515MC10,2015-05-25T11:58:00,46.3315,-124.3562,35147,Sockeye salmon,Oncorhynchus nerka,juvenile,NO,NO TAG,1,115,FL (mm),Fork Length,Frozen,,,,,Okanogan,1.0,,,,,,,https://www.webapps.nwfsc.noaa.gov/apex/parrdata/inventory/tables/table/ocean_juvenile_salmon_metrics,"Morgan, Cheryl; 03/20/2017. NOAA Fisheries Northwest Fisheries Science Center. Juvenile Salmonid Metrics: ocean_juvenile_salmon_metrics (https://www.webapps.nwfsc.noaa.gov/apex/parrdata/inventory/tables/table/ocean_juvenile_salmon_metrics)"
Row 70 of 1808,Accessed on 2019-07-24 04:02:26,51,2015-05-24T00:00:00,2015,Frosti,,,130,052415MC4,2015-05-24T13:51:00,46.17117,-124.451,35066,Steelhead,Oncorhynchus mykiss,juvenile,Ad/PBT,Ad clipped & Parentage Based Tagging,1,217,FL (mm),Fork Length,Frozen,,,,,Mid&Up_CR/Low_Snake,0.999629,Salmon_R,0.0844,51.62066,Wallowa,1.0,,https://www.webapps.nwfsc.noaa.gov/apex/parrdata/inventory/tables/table/ocean_juvenile_salmon_metrics,"Morgan, Cheryl; 03/20/2017. NOAA Fisheries Northwest Fisheries Science Center. Juvenile Salmonid Metrics: ocean_juvenile_salmon_metrics (https://www.webapps.nwfsc.noaa.gov/apex/parrdata/inventory/tables/table/ocean_juvenile_salmon_metrics)"
Row 71 of 1808,Accessed on 2019-07-24 04:02:26,51,2015-05-24T00:00:00,2015,Frosti,,,130,052415MC4,2015-05-24T13:51:00,46.17117,-124.451,35067,Steelhead,Oncorhynchus mykiss,juvenile,Ad/PBT,Ad clipped & Parentage Based Tagging,1,235,FL (mm),Fork Length,Frozen,,,,,Mid&Up_CR/Low_Snake,0.999915,,0.0,65.6958,Oxbow,1.0,,https://www.webapps.nwfsc.noaa.gov/apex/parrdata/inventory/tables/table/ocean_juvenile_salmon_metrics,"Morgan, Cheryl; 03/20/2017. NOAA Fisheries Northwest Fisheries Science Center. Juvenile Salmonid Metrics: ocean_juvenile_salmon_metrics (https://www.webapps.nwfsc.noaa.gov/apex/parrdata/inventory/tables/table/ocean_juvenile_salmon_metrics)"
Row 72 of 1808,Accessed on 2019-07-24 04:02:26,51,2015-05-24T00:00:00,2015,Frosti,,,130,052415MC4,2015-05-24T13:51:00,46.17117,-124.451,35068,Steelhead,Oncorhynchus mykiss,juvenile,Ad/PBT,Ad clipped & Parentage Based Tagging,1,193,FL (mm),Fork Length,Frozen,,,,,Clearwater,0.998962,Mid&Up_CR/Low_Snake,0.0312,46.88596,Dworshak,0.999,,https://www.webapps.nwfsc.noaa.gov/apex/parrdata/inventory/tables/table/ocean_juvenile_salmon_metrics,"Morgan, Cheryl; 03/20/2017. NOAA Fisheries Northwest Fisheries Science Center. Juvenile Salmonid Metrics: ocean_juvenile_salmon_metrics (https://www.webapps.nwfsc.noaa.gov/apex/parrdata/inventory/tables/table/ocean_juvenile_salmon_metrics)"
Row 73 of 1808,Accessed on 2019-07-24 04:02:26,51,2015-05-24T00:00:00,2015,Frosti,,,130,052415MC4,2015-05-24T13:51:00,46.17117,-124.451,35069,Steelhead,Oncorhynchus mykiss,juvenile,Ad/PBT,Ad clipped & Parentage Based Tagging,1,245,FL (mm),Fork Length,Frozen,,,,,Mid&Up_CR/Low_Snake,0.999853,,0.0,61.9284,Wallowa,1.0,,https://www.webapps.nwfsc.noaa.gov/apex/parrdata/inventory/tables/table/ocean_juvenile_salmon_metrics,"Morgan, Cheryl; 03/20/2017. NOAA Fisheries Northwest Fisheries Science Center. Juvenile Salmonid Metrics: ocean_juvenile_salmon_metrics (https://www.webapps.nwfsc.noaa.gov/apex/parrdata/inventory/tables/table/ocean_juvenile_salmon_metrics)"
Row 74 of 1808,Accessed on 2019-07-24 04:02:26,51,2015-05-24T00:00:00,2015,Frosti,,,130,052415MC4,2015-05-24T13:51:00,46.17117,-124.451,35070,Steelhead,Oncorhynchus mykiss,juvenile,Ad,Ad clipped,1,196,FL (mm),Fork Length,Frozen,,,,,Mid&Up_CR/Low_Snake,0.9919,,0.0,53.19057,,,,https://www.webapps.nwfsc.noaa.gov/apex/parrdata/inventory/tables/table/ocean_juvenile_salmon_metrics,"Morgan, Cheryl; 03/20/2017. NOAA Fisheries Northwest Fisheries Science Center. Juvenile Salmonid Metrics: ocean_juvenile_salmon_metrics (https://www.webapps.nwfsc.noaa.gov/apex/parrdata/inventory/tables/table/ocean_juvenile_salmon_metrics)"
Row 75 of 1808,Accessed on 2019-07-24 04:02:26,51,2015-05-24T00:00:00,2015,Frosti,,,130,052415MC4,2015-05-24T13:51:00,46.17117,-124.451,35071,Steelhead,Oncorhynchus mykiss,juvenile,Ad/PBT,Ad clipped & Parentage Based Tagging,1,199,FL (mm),Fork Length,Frozen,,,,,Salmon_R,0.999581,Salmon_R,0.0236,58.4886,Pahsimeroi,1.0,,https://www.webapps.nwfsc.noaa.gov/apex/parrdata/inventory/tables/table/ocean_juvenile_salmon_metrics,"Morgan, Cheryl; 03/20/2017. NOAA Fisheries Northwest Fisheries Science Center. Juvenile Salmonid Metrics: ocean_juvenile_salmon_metrics (https://www.webapps.nwfsc.noaa.gov/apex/parrdata/inventory/tables/table/ocean_juvenile_salmon_metrics)"
Row 76 of 1808,Accessed on 2019-07-24 04:02:26,51,2015-05-24T00:00:00,2015,Frosti,,,130,052415MC5,2015-05-24T16:17:00,46.169,-124.442,35076,Chinook salmon,Oncorhynchus tshawytscha,yearling,CWT,CWT,1,173,FL (mm),Fork Length,Frozen,167,50.7,,636740,Snake_F,0.8754,UCR_Su/F,0.1246,52.94368,,,,https://www.webapps.nwfsc.noaa.gov/apex/parrdata/inventory/tables/table/ocean_juvenile_salmon_metrics,"Morgan, Cheryl; 03/20/2017. NOAA Fisheries Northwest Fisheries Science Center. Juvenile Salmonid Metrics: ocean_juvenile_salmon_metrics (https://www.webapps.nwfsc.noaa.gov/apex/parrdata/inventory/tables/table/ocean_juvenile_salmon_metrics)"
Row 77 of 1808,Accessed on 2019-07-24 04:02:26,51,2015-05-24T00:00:00,2015,Frosti,,,130,052415MC5,2015-05-24T16:17:00,46.169,-124.442,35077,Chinook salmon,Oncorhynchus tshawytscha,yearling,Ad/PBT,Ad clipped & Parentage Based Tagging,1,145,FL (mm),Fork Length,Frozen,141,26.6,,,Snake_Sp,0.9098,Mid&UCR_Sp,0.0902,39.38496,McCall,0.999013,,https://www.webapps.nwfsc.noaa.gov/apex/parrdata/inventory/tables/table/ocean_juvenile_salmon_metrics,"Morgan, Cheryl; 03/20/2017. NOAA Fisheries Northwest Fisheries Science Center. Juvenile Salmonid Metrics: ocean_juvenile_salmon_metrics (https://www.webapps.nwfsc.noaa.gov/apex/parrdata/inventory/tables/table/ocean_juvenile_salmon_metrics)"
Row 78 of 1808,Accessed on 2019-07-24 04:02:26,51,2015-05-24T00:00:00,2015,Frosti,,,130,052415MC5,2015-05-24T16:17:00,46.169,-124.442,35078,Chinook salmon,Oncorhynchus tshawytscha,yearling,Ad,Ad clipped,1,152,FL (mm),Fork Length,Frozen,,,,,Mid&UCR_Sp,0.7305,Snake_Sp,0.2695,52.80831,,,,https://www.webapps.nwfsc.noaa.gov/apex/parrdata/inventory/tables/table/ocean_juvenile_salmon_metrics,"Morgan, Cheryl; 03/20/2017. NOAA Fisheries Northwest Fisheries Science Center. Juvenile Salmonid Metrics: ocean_juvenile_salmon_metrics (https://www.webapps.nwfsc.noaa.gov/apex/parrdata/inventory/tables/table/ocean_juvenile_salmon_metrics)"
Row 79 of 1808,Accessed on 2019-07-24 04:02:26,51,2015-05-24T00:00:00,2015,Frosti,,,130,052415MC5,2015-05-24T16:17:00,46.169,-124.442,35079,Chinook salmon,Oncorhynchus tshawytscha,yearling,Ad,Ad clipped,1,199,FL (mm),Fork Length,Frozen,,,,,UCR_Su/F,0.9956,,,53.19185,,,,https://www.webapps.nwfsc.noaa.gov/apex/parrdata/inventory/tables/table/ocean_juvenile_salmon_metrics,"Morgan, Cheryl; 03/20/2017. NOAA Fisheries Northwest Fisheries Science Center. Juvenile Salmonid Metrics: ocean_juvenile_salmon_metrics (https://www.webapps.nwfsc.noaa.gov/apex/parrdata/inventory/tables/table/ocean_juvenile_salmon_metrics)"
Row 80 of 1808,Accessed on 2019-07-24 04:02:26,51,2015-05-24T00:00:00,2015,Frosti,,,130,052415MC5,2015-05-24T16:17:00,46.169,-124.442,35080,Chinook salmon,Oncorhynchus tshawytscha,yearling,Ad,Ad clipped,1,145,FL (mm),Fork Length,Frozen,,,,,UCR_Su/F,0.994,,,46.24463,,,,https://www.webapps.nwfsc.noaa.gov/apex/parrdata/inventory/tables/table/ocean_juvenile_salmon_metrics,"Morgan, Cheryl; 03/20/2017. NOAA Fisheries Northwest Fisheries Science Center. Juvenile Salmonid Metrics: ocean_juvenile_salmon_metrics (https://www.webapps.nwfsc.noaa.gov/apex/parrdata/inventory/tables/table/ocean_juvenile_salmon_metrics)"
Row 81 of 1808,Accessed on 2019-07-24 04:02:26,51,2015-05-24T00:00:00,2015,Frosti,,,130,052415MC5,2015-05-24T16:17:00,46.169,-124.442,35081,Chinook salmon,Oncorhynchus tshawytscha,yearling,Ad,Ad clipped,1,196,FL (mm),Fork Length,Frozen,,,,,WR_Sp,1.0,,,5.557445,,,,https://www.webapps.nwfsc.noaa.gov/apex/parrdata/inventory/tables/table/ocean_juvenile_salmon_metrics,"Morgan, Cheryl; 03/20/2017. NOAA Fisheries Northwest Fisheries Science Center. Juvenile Salmonid Metrics: ocean_juvenile_salmon_metrics (https://www.webapps.nwfsc.noaa.gov/apex/parrdata/inventory/tables/table/ocean_juvenile_salmon_metrics)"
Row 82 of 1808,Accessed on 2019-07-24 04:02:26,51,2015-05-24T00:00:00,2015,Frosti,,,130,052415MC5,2015-05-24T16:17:00,46.169,-124.442,35082,Chinook salmon,Oncorhynchus tshawytscha,yearling,Ad/PBT,Ad clipped & Parentage Based Tagging,1,150,FL (mm),Fork Length,Frozen,145,27.4,,,Snake_Sp,1.0,,,17.12608,RapidRiver,0.987106,,https://www.webapps.nwfsc.noaa.gov/apex/parrdata/inventory/tables/table/ocean_juvenile_salmon_metrics,"Morgan, Cheryl; 03/20/2017. NOAA Fisheries Northwest Fisheries Science Center. Juvenile Salmonid Metrics: ocean_juvenile_salmon_metrics (https://www.webapps.nwfsc.noaa.gov/apex/parrdata/inventory/tables/table/ocean_juvenile_salmon_metrics)"
Row 83 of 1808,Accessed on 2019-07-24 04:02:26,51,2015-05-24T00:00:00,2015,Frosti,,,130,052415MC5,2015-05-24T16:17:00,46.169,-124.442,35083,Chinook salmon,Oncorhynchus tshawytscha,yearling,Ad/CWT,Ad clipped & CWT,1,165,FL (mm),Fork Length,Frozen,,,,,UCR_Su/F,0.9505,Snake_F,0.0495,22.5533,,,,https://www.webapps.nwfsc.noaa.gov/apex/parrdata/inventory/tables/table/ocean_juvenile_salmon_metrics,"Morgan, Cheryl; 03/20/2017. NOAA Fisheries Northwest Fisheries Science Center. Juvenile Salmonid Metrics: ocean_juvenile_salmon_metrics (https://www.webapps.nwfsc.noaa.gov/apex/parrdata/inventory/tables/table/ocean_juvenile_salmon_metrics)"
Row 84 of 1808,Accessed on 2019-07-24 04:02:26,51,2015-05-24T00:00:00,2015,Frosti,,,130,052415MC5,2015-05-24T16:17:00,46.169,-124.442,35084,Hybrid steelhead and cutthroat trout,Steelthroat,juvenile,Ad,Ad clipped,1,272,FL (mm),Fork Length,Frozen,,,,,,,,,72.11454,,,,https://www.webapps.nwfsc.noaa.gov/apex/parrdata/inventory/tables/table/ocean_juvenile_salmon_metrics,"Morgan, Cheryl; 03/20/2017. NOAA Fisheries Northwest Fisheries Science Center. Juvenile Salmonid Metrics: ocean_juvenile_salmon_metrics (https://www.webapps.nwfsc.noaa.gov/apex/parrdata/inventory/tables/table/ocean_juvenile_salmon_metrics)"
Row 85 of 1808,Accessed on 2019-07-24 04:02:26,51,2015-05-24T00:00:00,2015,Frosti,,,130,052415MC5,2015-05-24T16:17:00,46.169,-124.442,35085,Coho salmon,Oncorhynchus kisutch,yearling,NO,NO TAG,1,140,FL (mm),Fork Length,Frozen,,,,,,,,,,,,,https://www.webapps.nwfsc.noaa.gov/apex/parrdata/inventory/tables/table/ocean_juvenile_salmon_metrics,"Morgan, Cheryl; 03/20/2017. NOAA Fisheries Northwest Fisheries Science Center. Juvenile Salmonid Metrics: ocean_juvenile_salmon_metrics (https://www.webapps.nwfsc.noaa.gov/apex/parrdata/inventory/tables/table/ocean_juvenile_salmon_metrics)"
Row 86 of 1808,Accessed on 2019-07-24 04:02:26,51,2015-05-24T00:00:00,2015,Frosti,,,134,052415MC6,2015-05-24T17:56:00,46.16567,-124.4837,35087,Coho salmon,Oncorhynchus kisutch,yearling,NO,NO TAG,1,164,FL (mm),Fork Length,Frozen,,,,,,,,,73.5579,,,,https://www.webapps.nwfsc.noaa.gov/apex/parrdata/inventory/tables/table/ocean_juvenile_salmon_metrics,"Morgan, Cheryl; 03/20/2017. NOAA Fisheries Northwest Fisheries Science Center. Juvenile Salmonid Metrics: ocean_juvenile_salmon_metrics (https://www.webapps.nwfsc.noaa.gov/apex/parrdata/inventory/tables/table/ocean_juvenile_salmon_metrics)"
Row 87 of 1808,Accessed on 2019-07-24 04:02:26,51,2015-05-24T00:00:00,2015,Frosti,,,134,052415MC6,2015-05-24T17:56:00,46.16567,-124.4837,35088,Chinook salmon,Oncorhynchus tshawytscha,yearling,Ad,Ad clipped,1,165,FL (mm),Fork Length,Frozen,,,,,Mid&UCR_Sp,0.501,Snake_Sp,0.499,62.8559,,,,https://www.webapps.nwfsc.noaa.gov/apex/parrdata/inventory/tables/table/ocean_juvenile_salmon_metrics,"Morgan, Cheryl; 03/20/2017. NOAA Fisheries Northwest Fisheries Science Center. Juvenile Salmonid Metrics: ocean_juvenile_salmon_metrics (https://www.webapps.nwfsc.noaa.gov/apex/parrdata/inventory/tables/table/ocean_juvenile_salmon_metrics)"
Row 88 of 1808,Accessed on 2019-07-24 04:02:26,51,2015-05-24T00:00:00,2015,Frosti,,,134,052415MC6,2015-05-24T17:56:00,46.16567,-124.4837,35089,Chinook salmon,Oncorhynchus tshawytscha,yearling,Ad/PBT,Ad clipped & Parentage Based Tagging,1,155,FL (mm),Fork Length,Frozen,149,32.2,,,Snake_Sp,0.982,Mid&UCR_Sp,0.018,44.01969,Sawtooth,0.999703,,https://www.webapps.nwfsc.noaa.gov/apex/parrdata/inventory/tables/table/ocean_juvenile_salmon_metrics,"Morgan, Cheryl; 03/20/2017. NOAA Fisheries Northwest Fisheries Science Center. Juvenile Salmonid Metrics: ocean_juvenile_salmon_metrics (https://www.webapps.nwfsc.noaa.gov/apex/parrdata/inventory/tables/table/ocean_juvenile_salmon_metrics)"
Row 89 of 1808,Accessed on 2019-07-24 04:02:26,51,2015-05-24T00:00:00,2015,Frosti,,,134,052415MC6,2015-05-24T17:56:00,46.16567,-124.4837,35090,Chinook salmon,Oncorhynchus tshawytscha,yearling,Ad,Ad clipped,1,167,FL (mm),Fork Length,Frozen,,,,,Mid&UCR_Sp,1.0,,,67.26108,,,,https://www.webapps.nwfsc.noaa.gov/apex/parrdata/inventory/tables/table/ocean_juvenile_salmon_metrics,"Morgan, Cheryl; 03/20/2017. NOAA Fisheries Northwest Fisheries Science Center. Juvenile Salmonid Metrics: ocean_juvenile_salmon_metrics (https://www.webapps.nwfsc.noaa.gov/apex/parrdata/inventory/tables/table/ocean_juvenile_salmon_metrics)"
Row 90 of 1808,Accessed on 2019-07-24 04:02:26,51,2015-05-25T00:00:00,2015,Frosti,,,101,052515MC7,2015-05-25T07:31:00,46.33983,-124.3605,35092,Chinook salmon,Oncorhynchus tshawytscha,yearling,CWT,CWT,1,192,FL (mm),Fork Length,Frozen,186,78.0,,636740,Snake_F,0.9792,UCR_Su/F,0.0208,81.84131,,,,https://www.webapps.nwfsc.noaa.gov/apex/parrdata/inventory/tables/table/ocean_juvenile_salmon_metrics,"Morgan, Cheryl; 03/20/2017. NOAA Fisheries Northwest Fisheries Science Center. Juvenile Salmonid Metrics: ocean_juvenile_salmon_metrics (https://www.webapps.nwfsc.noaa.gov/apex/parrdata/inventory/tables/table/ocean_juvenile_salmon_metrics)"
Row 91 of 1808,Accessed on 2019-07-24 04:02:26,51,2015-05-25T00:00:00,2015,Frosti,,,101,052515MC7,2015-05-25T07:31:00,46.33983,-124.3605,35093,Chinook salmon,Oncorhynchus tshawytscha,yearling,Ad/CWT,Ad clipped & CWT,1,147,FL (mm),Fork Length,Frozen,,,,,UCR_Su/F,0.9919,,,21.98037,,,,https://www.webapps.nwfsc.noaa.gov/apex/parrdata/inventory/tables/table/ocean_juvenile_salmon_metrics,"Morgan, Cheryl; 03/20/2017. NOAA Fisheries Northwest Fisheries Science Center. Juvenile Salmonid Metrics: ocean_juvenile_salmon_metrics (https://www.webapps.nwfsc.noaa.gov/apex/parrdata/inventory/tables/table/ocean_juvenile_salmon_metrics)"
Row 92 of 1808,Accessed on 2019-07-24 04:02:26,51,2015-05-25T00:00:00,2015,Frosti,,,101,052515MC7,2015-05-25T07:31:00,46.33983,-124.3605,35094,Chinook salmon,Oncorhynchus tshawytscha,yearling,Ad/CWT,Ad clipped & CWT,1,184,FL (mm),Fork Length,Frozen,,,,,UCR_Su/F,0.9973,,,42.84343,,,,https://www.webapps.nwfsc.noaa.gov/apex/parrdata/inventory/tables/table/ocean_juvenile_salmon_metrics,"Morgan, Cheryl; 03/20/2017. NOAA Fisheries Northwest Fisheries Science Center. Juvenile Salmonid Metrics: ocean_juvenile_salmon_metrics (https://www.webapps.nwfsc.noaa.gov/apex/parrdata/inventory/tables/table/ocean_juvenile_salmon_metrics)"
Row 93 of 1808,Accessed on 2019-07-24 04:02:26,51,2015-05-25T00:00:00,2015,Frosti,,,101,052515MC7,2015-05-25T07:31:00,46.33983,-124.3605,35095,Chinook salmon,Oncorhynchus tshawytscha,subyearling,Ad,Ad clipped,1,90,FL (mm),Fork Length,Frozen,,,,,SCG_F,1.0,,,,,,,https://www.webapps.nwfsc.noaa.gov/apex/parrdata/inventory/tables/table/ocean_juvenile_salmon_metrics,"Morgan, Cheryl; 03/20/2017. NOAA Fisheries Northwest Fisheries Science Center. Juvenile Salmonid Metrics: ocean_juvenile_salmon_metrics (https://www.webapps.nwfsc.noaa.gov/apex/parrdata/inventory/tables/table/ocean_juvenile_salmon_metrics)"
Row 94 of 1808,Accessed on 2019-07-24 04:02:26,51,2015-05-25T00:00:00,2015,Frosti,,,101,052515MC7,2015-05-25T07:31:00,46.33983,-124.3605,35096,Sockeye salmon,Oncorhynchus nerka,juvenile,NO,NO TAG,1,115,FL (mm),Fork Length,Frozen,,,,,Okanogan,1.0,,,,,,,https://www.webapps.nwfsc.noaa.gov/apex/parrdata/inventory/tables/table/ocean_juvenile_salmon_metrics,"Morgan, Cheryl; 03/20/2017. NOAA Fisheries Northwest Fisheries Science Center. Juvenile Salmonid Metrics: ocean_juvenile_salmon_metrics (https://www.webapps.nwfsc.noaa.gov/apex/parrdata/inventory/tables/table/ocean_juvenile_salmon_metrics)"
Row 95 of 1808,Accessed on 2019-07-24 04:02:26,51,2015-05-25T00:00:00,2015,Frosti,,,101,052515MC7,2015-05-25T07:31:00,46.33983,-124.3605,35097,Sockeye salmon,Oncorhynchus nerka,juvenile,NO,NO TAG,1,110,FL (mm),Fork Length,Frozen,,,,,Wenatchee,0.9651,Okanogan,0.029,,,,,https://www.webapps.nwfsc.noaa.gov/apex/parrdata/inventory/tables/table/ocean_juvenile_salmon_metrics,"Morgan, Cheryl; 03/20/2017. NOAA Fisheries Northwest Fisheries Science Center. Juvenile Salmonid Metrics: ocean_juvenile_salmon_metrics (https://www.webapps.nwfsc.noaa.gov/apex/parrdata/inventory/tables/table/ocean_juvenile_salmon_metrics)"
Row 96 of 1808,Accessed on 2019-07-24 04:02:26,51,2015-05-25T00:00:00,2015,Frosti,,,101,052515MC7,2015-05-25T07:31:00,46.33983,-124.3605,35098,Sockeye salmon,Oncorhynchus nerka,juvenile,NO,NO TAG,1,112,FL (mm),Fork Length,Frozen,,,,,,,,,,,,,https://www.webapps.nwfsc.noaa.gov/apex/parrdata/inventory/tables/table/ocean_juvenile_salmon_metrics,"Morgan, Cheryl; 03/20/2017. NOAA Fisheries Northwest Fisheries Science Center. Juvenile Salmonid Metrics: ocean_juvenile_salmon_metrics (https://www.webapps.nwfsc.noaa.gov/apex/parrdata/inventory/tables/table/ocean_juvenile_salmon_metrics)"
Row 97 of 1808,Accessed on 2019-07-24 04:02:26,51,2015-05-25T00:00:00,2015,Frosti,,,101,052515MC7,2015-05-25T07:31:00,46.33983,-124.3605,35099,Sockeye salmon,Oncorhynchus nerka,juvenile,NO,NO TAG,1,111,FL (mm),Fork Length,Frozen,,,,,Wenatchee,0.8078,Okanogan,0.192,,,,,https://www.webapps.nwfsc.noaa.gov/apex/parrdata/inventory/tables/table/ocean_juvenile_salmon_metrics,"Morgan, Cheryl; 03/20/2017. NOAA Fisheries Northwest Fisheries Science Center. Juvenile Salmonid Metrics: ocean_juvenile_salmon_metrics (https://www.webapps.nwfsc.noaa.gov/apex/parrdata/inventory/tables/table/ocean_juvenile_salmon_metrics)"
Row 98 of 1808,Accessed on 2019-07-24 04:02:26,51,2015-05-25T00:00:00,2015,Frosti,,,101,052515MC7,2015-05-25T07:31:00,46.33983,-124.3605,35100,Sockeye salmon,Oncorhynchus nerka,juvenile,NO,NO TAG,1,118,FL (mm),Fork Length,Frozen,,,,,Okanogan,1.0,,,,,,,https://www.webapps.nwfsc.noaa.gov/apex/parrdata/inventory/tables/table/ocean_juvenile_salmon_metrics,"Morgan, Cheryl; 03/20/2017. NOAA Fisheries Northwest Fisheries Science Center. Juvenile Salmonid Metrics: ocean_juvenile_salmon_metrics (https://www.webapps.nwfsc.noaa.gov/apex/parrdata/inventory/tables/table/ocean_juvenile_salmon_metrics)"
Row 99 of 1808,Accessed on 2019-07-24 04:02:26,51,2015-05-25T00:00:00,2015,Frosti,,,101,052515MC7,2015-05-25T07:31:00,46.33983,-124.3605,35101,Steelhead,Oncorhynchus mykiss,juvenile,NO,NO TAG,1,167,FL (mm),Fork Length,Frozen,,,,,Mid&Up_CR/Low_Snake,0.9943,,0.0,65.4228,,,,https://www.webapps.nwfsc.noaa.gov/apex/parrdata/inventory/tables/table/ocean_juvenile_salmon_metrics,"Morgan, Cheryl; 03/20/2017. NOAA Fisheries Northwest Fisheries Science Center. Juvenile Salmonid Metrics: ocean_juvenile_salmon_metrics (https://www.webapps.nwfsc.noaa.gov/apex/parrdata/inventory/tables/table/ocean_juvenile_salmon_metrics)"
Row 100 of 1808,Accessed on 2019-07-24 04:02:26,51,2015-05-25T00:00:00,2015,Frosti,,,103,052515MC8,2015-05-25T09:05:00,46.32717,-124.3545,35103,Chinook salmon,Oncorhynchus tshawytscha,yearling,Ad/CWT,Ad clipped & CWT,1,216,FL (mm),Fork Length,Frozen,,,,,UCR_Su/F,0.9423,Snake_F,0.0577,81.15276,,,,https://www.webapps.nwfsc.noaa.gov/apex/parrdata/inventory/tables/table/ocean_juvenile_salmon_metrics,"Morgan, Cheryl; 03/20/2017. NOAA Fisheries Northwest Fisheries Science Center. Juvenile Salmonid Metrics: ocean_juvenile_salmon_metrics (https://www.webapps.nwfsc.noaa.gov/apex/parrdata/inventory/tables/table/ocean_juvenile_salmon_metrics)"
Row 32 of 1808,Accessed on 2019-07-24 04:02:26,51,2015-05-24T00:00:00,2015,Frosti,,,130,052415MC4,2015-05-24T13:51:00,46.17117,-124.451,35064,Steelhead,Oncorhynchus mykiss,juvenile,Ad/PBT,Ad clipped & Parentage Based Tagging,1,225,FL (mm),Fork Length,Frozen,,,,,Salmon_R,0.999618,Salmon_R,0.1941,15.9704,Pahsimeroi,1.0,,https://www.webapps.nwfsc.noaa.gov/apex/parrdata/inventory/tables/table/ocean_juvenile_salmon_metrics,"Morgan, Cheryl; 03/20/2017. NOAA Fisheries Northwest Fisheries Science Center. Juvenile Salmonid Metrics: ocean_juvenile_salmon_metrics (https://www.webapps.nwfsc.noaa.gov/apex/parrdata/inventory/tables/table/ocean_juvenile_salmon_metrics)"
Row 33 of 1808,Accessed on 2019-07-24 04:02:26,51,2015-05-24T00:00:00,2015,Frosti,,,130,052415MC4,2015-05-24T13:51:00,46.17117,-124.451,35065,Steelhead,Oncorhynchus mykiss,juvenile,Ad/PBT,Ad clipped & Parentage Based Tagging,1,222,FL (mm),Fork Length,Frozen,,,,,Clearwater,0.999891,Mid&Up_CR/Low_Snake,0.1851,40.21045,Dworshak,1.0,,https://www.webapps.nwfsc.noaa.gov/apex/parrdata/inventory/tables/table/ocean_juvenile_salmon_metrics,"Morgan, Cheryl; 03/20/2017. NOAA Fisheries Northwest Fisheries Science Center. Juvenile Salmonid Metrics: ocean_juvenile_salmon_metrics (https://www.webapps.nwfsc.noaa.gov/apex/parrdata/inventory/tables/table/ocean_juvenile_salmon_metrics)"
Row 34 of 1808,Accessed on 2019-07-24 04:02:26,51,2015-05-25T00:00:00,2015,Frosti,,,106,052515MC9,2015-05-25T10:28:00,46.34917,-124.3903,35110,Chinook salmon,Oncorhynchus tshawytscha,mixed age juvenile,NO,NO TAG,1,275,FL (mm),Fork Length,Frozen,,268.7,,,,,,,81.51395,,,,https://www.webapps.nwfsc.noaa.gov/apex/parrdata/inventory/tables/table/ocean_juvenile_salmon_metrics,"Morgan, Cheryl; 03/20/2017. NOAA Fisheries Northwest Fisheries Science Center. Juvenile Salmonid Metrics: ocean_juvenile_salmon_metrics (https://www.webapps.nwfsc.noaa.gov/apex/parrdata/inventory/tables/table/ocean_juvenile_salmon_metrics)"
Row 35 of 1808,Accessed on 2019-07-24 04:02:26,51,2015-05-25T00:00:00,2015,Frosti,,,106,052515MC9,2015-05-25T10:28:00,46.34917,-124.3903,35111,Chinook salmon,Oncorhynchus tshawytscha,yearling,NO,NO TAG,1,137,FL (mm),Fork Length,Frozen,130,23.5,,,Mid&UCR_Sp,0.5097,Snake_Sp,0.4903,27.08215,,,,https://www.webapps.nwfsc.noaa.gov/apex/parrdata/inventory/tables/table/ocean_juvenile_salmon_metrics,"Morgan, Cheryl; 03/20/2017. NOAA Fisheries Northwest Fisheries Science Center. Juvenile Salmonid Metrics: ocean_juvenile_salmon_metrics (https://www.webapps.nwfsc.noaa.gov/apex/parrdata/inventory/tables/table/ocean_juvenile_salmon_metrics)"
Row 36 of 1808,Accessed on 2019-07-24 04:02:26,51,2015-05-25T00:00:00,2015,Frosti,,,106,052515MC9,2015-05-25T10:28:00,46.34917,-124.3903,35112,Chinook salmon,Oncorhynchus tshawytscha,yearling,Ad,Ad clipped,1,205,FL (mm),Fork Length,Frozen,,,,,WR_Sp,1.0,,,90.53616,,,,https://www.webapps.nwfsc.noaa.gov/apex/parrdata/inventory/tables/table/ocean_juvenile_salmon_metrics,"Morgan, Cheryl; 03/20/2017. NOAA Fisheries Northwest Fisheries Science Center. Juvenile Salmonid Metrics: ocean_juvenile_salmon_metrics (https://www.webapps.nwfsc.noaa.gov/apex/parrdata/inventory/tables/table/ocean_juvenile_salmon_metrics)"
Row 37 of 1808,Accessed on 2019-07-24 04:02:26,51,2015-05-25T00:00:00,2015,Frosti,,,106,052515MC9,2015-05-25T10:28:00,46.34917,-124.3903,35113,Chinook salmon,Oncorhynchus tshawytscha,yearling,Ad,Ad clipped,1,162,FL (mm),Fork Length,Frozen,,,,,UCR_Su/F,0.9862,Snake_F,0.0138,14.19707,,,,https://www.webapps.nwfsc.noaa.gov/apex/parrdata/inventory/tables/table/ocean_juvenile_salmon_metrics,"Morgan, Cheryl; 03/20/2017. NOAA Fisheries Northwest Fisheries Science Center. Juvenile Salmonid Metrics: ocean_juvenile_salmon_metrics (https://www.webapps.nwfsc.noaa.gov/apex/parrdata/inventory/tables/table/ocean_juvenile_salmon_metrics)"
Row 38 of 1808,Accessed on 2019-07-24 04:02:26,51,2015-05-25T00:00:00,2015,Frosti,,,106,052515MC9,2015-05-25T10:28:00,46.34917,-124.3903,35114,Chinook salmon,Oncorhynchus tshawytscha,yearling,Ad,Ad clipped,1,192,FL (mm),Fork Length,Frozen,,,,,WR_Sp,0.9998,,,46.51043,,,,https://www.webapps.nwfsc.noaa.gov/apex/parrdata/inventory/tables/table/ocean_juvenile_salmon_metrics,"Morgan, Cheryl; 03/20/2017. NOAA Fisheries Northwest Fisheries Science Center. Juvenile Salmonid Metrics: ocean_juvenile_salmon_metrics (https://www.webapps.nwfsc.noaa.gov/apex/parrdata/inventory/tables/table/ocean_juvenile_salmon_metrics)"
Row 39 of 1808,Accessed on 2019-07-24 04:02:26,51,2015-05-25T00:00:00,2015,Frosti,,,106,052515MC9,2015-05-25T10:28:00,46.34917,-124.3903,35115,Chinook salmon,Oncorhynchus tshawytscha,yearling,Ad,Ad clipped,1,215,FL (mm),Fork Length,Frozen,,,,,WR_Sp,0.9978,,,53.506,,,,https://www.webapps.nwfsc.noaa.gov/apex/parrdata/inventory/tables/table/ocean_juvenile_salmon_metrics,"Morgan, Cheryl; 03/20/2017. NOAA Fisheries Northwest Fisheries Science Center. Juvenile Salmonid Metrics: ocean_juvenile_salmon_metrics (https://www.webapps.nwfsc.noaa.gov/apex/parrdata/inventory/tables/table/ocean_juvenile_salmon_metrics)"
Row 40 of 1808,Accessed on 2019-07-24 04:02:26,51,2015-05-25T00:00:00,2015,Frosti,,,106,052515MC9,2015-05-25T10:28:00,46.34917,-124.3903,35116,Chinook salmon,Oncorhynchus tshawytscha,yearling,Ad,Ad clipped,1,165,FL (mm),Fork Length,Frozen,160,43.0,,,Snake_F,0.7508,UCR_Su/F,0.2492,,,,,https://www.webapps.nwfsc.noaa.gov/apex/parrdata/inventory/tables/table/ocean_juvenile_salmon_metrics,"Morgan, Cheryl; 03/20/2017. NOAA Fisheries Northwest Fisheries Science Center. Juvenile Salmonid Metrics: ocean_juvenile_salmon_metrics (https://www.webapps.nwfsc.noaa.gov/apex/parrdata/inventory/tables/table/ocean_juvenile_salmon_metrics)"
Row 41 of 1808,Accessed on 2019-07-24 04:02:26,51,2015-05-25T00:00:00,2015,Frosti,,,106,052515MC9,2015-05-25T10:28:00,46.34917,-124.3903,35117,Chinook salmon,Oncorhynchus tshawytscha,yearling,Ad/CWT,Ad clipped & CWT,1,147,FL (mm),Fork Length,Frozen,142,29.3,,55718,Mid&UCR_Sp,0.924,Snake_Sp,0.076,61.22256,,,,https://www.webapps.nwfsc.noaa.gov/apex/parrdata/inventory/tables/table/ocean_juvenile_salmon_metrics,"Morgan, Cheryl; 03/20/2017. NOAA Fisheries Northwest Fisheries Science Center. Juvenile Salmonid Metrics: ocean_juvenile_salmon_metrics (https://www.webapps.nwfsc.noaa.gov/apex/parrdata/inventory/tables/table/ocean_juvenile_salmon_metrics)"
Row 42 of 1808,Accessed on 2019-07-24 04:02:26,51,2015-05-25T00:00:00,2015,Frosti,,,106,052515MC9,2015-05-25T10:28:00,46.34917,-124.3903,35118,Chinook salmon,Oncorhynchus tshawytscha,yearling,Ad,Ad clipped,1,181,FL (mm),Fork Length,Frozen,,,,,WR_Sp,0.9999,,,52.07231,,,,https://www.webapps.nwfsc.noaa.gov/apex/parrdata/inventory/tables/table/ocean_juvenile_salmon_metrics,"Morgan, Cheryl; 03/20/2017. NOAA Fisheries Northwest Fisheries Science Center. Juvenile Salmonid Metrics: ocean_juvenile_salmon_metrics (https://www.webapps.nwfsc.noaa.gov/apex/parrdata/inventory/tables/table/ocean_juvenile_salmon_metrics)"
Row 43 of 1808,Accessed on 2019-07-24 04:02:26,51,2015-05-25T00:00:00,2015,Frosti,,,106,052515MC9,2015-05-25T10:28:00,46.34917,-124.3903,35119,Sockeye salmon,Oncorhynchus nerka,juvenile,NO,NO TAG,1,122,FL (mm),Fork Length,Frozen,,,,,Okanogan,0.9999,,,,,,,https://www.webapps.nwfsc.noaa.gov/apex/parrdata/inventory/tables/table/ocean_juvenile_salmon_metrics,"Morgan, Cheryl; 03/20/2017. NOAA Fisheries Northwest Fisheries Science Center. Juvenile Salmonid Metrics: ocean_juvenile_salmon_metrics (https://www.webapps.nwfsc.noaa.gov/apex/parrdata/inventory/tables/table/ocean_juvenile_salmon_metrics)"
Row 44 of 1808,Accessed on 2019-07-24 04:02:26,51,2015-05-25T00:00:00,2015,Frosti,,,106,052515MC9,2015-05-25T10:28:00,46.34917,-124.3903,35120,Steelhead,Oncorhynchus mykiss,juvenile,NO,NO TAG,1,179,FL (mm),Fork Length,Frozen,,,,,Low_Columbia,0.9993,,0.0,51.30049,,,,https://www.webapps.nwfsc.noaa.gov/apex/parrdata/inventory/tables/table/ocean_juvenile_salmon_metrics,"Morgan, Cheryl; 03/20/2017. NOAA Fisheries Northwest Fisheries Science Center. Juvenile Salmonid Metrics: ocean_juvenile_salmon_metrics (https://www.webapps.nwfsc.noaa.gov/apex/parrdata/inventory/tables/table/ocean_juvenile_salmon_metrics)"
Row 45 of 1808,Accessed on 2019-07-24 04:02:26,51,2015-05-25T00:00:00,2015,Frosti,,,106,052515MC9,2015-05-25T10:28:00,46.34917,-124.3903,35121,Steelhead,Oncorhynchus mykiss,juvenile,CWT,CWT,1,198,FL (mm),Fork Length,Frozen,,,,,Low_Columbia,1.0,,0.0,76.27,,,,https://www.webapps.nwfsc.noaa.gov/apex/parrdata/inventory/tables/table/ocean_juvenile_salmon_metrics,"Morgan, Cheryl; 03/20/2017. NOAA Fisheries Northwest Fisheries Science Center. Juvenile Salmonid Metrics: ocean_juvenile_salmon_metrics (https://www.webapps.nwfsc.noaa.gov/apex/parrdata/inventory/tables/table/ocean_juvenile_salmon_metrics)"
Row 46 of 1808,Accessed on 2019-07-24 04:02:26,51,2015-05-25T00:00:00,2015,Frosti,,,106,052515MC9,2015-05-25T10:28:00,46.34917,-124.3903,35122,Hybrid steelhead and cutthroat trout,Steelthroat,juvenile,NO,NO TAG,1,277,FL (mm),Fork Length,Frozen,,,,,,,,,73.59411,,,,https://www.webapps.nwfsc.noaa.gov/apex/parrdata/inventory/tables/table/ocean_juvenile_salmon_metrics,"Morgan, Cheryl; 03/20/2017. NOAA Fisheries Northwest Fisheries Science Center. Juvenile Salmonid Metrics: ocean_juvenile_salmon_metrics (https://www.webapps.nwfsc.noaa.gov/apex/parrdata/inventory/tables/table/ocean_juvenile_salmon_metrics)"
Row 47 of 1808,Accessed on 2019-07-24 04:02:26,51,2015-05-25T00:00:00,2015,Frosti,,,106,052515MC9,2015-05-25T10:28:00,46.34917,-124.3903,35123,Steelhead,Oncorhynchus mykiss,juvenile,CWT/PIT,CWT & PIT Tag,1,193,FL (mm),Fork Length,Frozen,,,3DD.003BA3A030,,Mid&Up_CR/Low_Snake,0.569,Salmon_R,0.431,62.2742,,,,https://www.webapps.nwfsc.noaa.gov/apex/parrdata/inventory/tables/table/ocean_juvenile_salmon_metrics,"Morgan, Cheryl; 03/20/2017. NOAA Fisheries Northwest Fisheries Science Center. Juvenile Salmonid Metrics: ocean_juvenile_salmon_metrics (https://www.webapps.nwfsc.noaa.gov/apex/parrdata/inventory/tables/table/ocean_juvenile_salmon_metrics)"
Row 48 of 1808,Accessed on 2019-07-24 04:02:26,51,2015-05-25T00:00:00,2015,Frosti,,,106,052515MC9,2015-05-25T10:28:00,46.34917,-124.3903,35124,Steelhead,Oncorhynchus mykiss,juvenile,NO,NO TAG,1,175,FL (mm),Fork Length,Frozen,,,,,Willamette,0.9985,,0.0,38.57209,,,,https://www.webapps.nwfsc.noaa.gov/apex/parrdata/inventory/tables/table/ocean_juvenile_salmon_metrics,"Morgan, Cheryl; 03/20/2017. NOAA Fisheries Northwest Fisheries Science Center. Juvenile Salmonid Metrics: ocean_juvenile_salmon_metrics (https://www.webapps.nwfsc.noaa.gov/apex/parrdata/inventory/tables/table/ocean_juvenile_salmon_metrics)"
Row 49 of 1808,Accessed on 2019-07-24 04:02:26,51,2015-05-25T00:00:00,2015,Frosti,,,106,052515MC9,2015-05-25T10:28:00,46.34917,-124.3903,35126,Chinook salmon,Oncorhynchus tshawytscha,yearling,Ad,Ad clipped,1,150,FL (mm),Fork Length,Frozen,,,,,UCR_Su/F,0.6119,Snake_F,0.3881,,,,,https://www.webapps.nwfsc.noaa.gov/apex/parrdata/inventory/tables/table/ocean_juvenile_salmon_metrics,"Morgan, Cheryl; 03/20/2017. NOAA Fisheries Northwest Fisheries Science Center. Juvenile Salmonid Metrics: ocean_juvenile_salmon_metrics (https://www.webapps.nwfsc.noaa.gov/apex/parrdata/inventory/tables/table/ocean_juvenile_salmon_metrics)"
Row 50 of 1808,Accessed on 2019-07-24 04:02:26,51,2015-05-25T00:00:00,2015,Frosti,,,100,052515MC10,2015-05-25T11:58:00,46.3315,-124.3562,35128,Chinook salmon,Oncorhynchus tshawytscha,yearling,NO,NO TAG,1,190,FL (mm),Fork Length,Frozen,,,,,WR_Sp,0.9953,,,,,,,https://www.webapps.nwfsc.noaa.gov/apex/parrdata/inventory/tables/table/ocean_juvenile_salmon_metrics,"Morgan, Cheryl; 03/20/2017. NOAA Fisheries Northwest Fisheries Science Center. Juvenile Salmonid Metrics: ocean_juvenile_salmon_metrics (https://www.webapps.nwfsc.noaa.gov/apex/parrdata/inventory/tables/table/ocean_juvenile_salmon_metrics)"
Row 51 of 1808,Accessed on 2019-07-24 04:02:26,51,2015-05-25T00:00:00,2015,Frosti,,,100,052515MC10,2015-05-25T11:58:00,46.3315,-124.3562,35129,Chinook salmon,Oncorhynchus tshawytscha,yearling,NO,NO TAG,1,225,FL (mm),Fork Length,Frozen,,,,,N/Mid_OR_Cst,0.968,,,72.65765,,,,https://www.webapps.nwfsc.noaa.gov/apex/parrdata/inventory/tables/table/ocean_juvenile_salmon_metrics,"Morgan, Cheryl; 03/20/2017. NOAA Fisheries Northwest Fisheries Science Center. Juvenile Salmonid Metrics: ocean_juvenile_salmon_metrics (https://www.webapps.nwfsc.noaa.gov/apex/parrdata/inventory/tables/table/ocean_juvenile_salmon_metrics)"
Row 52 of 1808,Accessed on 2019-07-24 04:02:26,51,2015-05-25T00:00:00,2015,Frosti,,,100,052515MC10,2015-05-25T11:58:00,46.3315,-124.3562,35130,Chinook salmon,Oncorhynchus tshawytscha,yearling,CWT,CWT,1,151,FL (mm),Fork Length,Frozen,150,28.4,,636640,Snake_Sp,0.9716,Mid&UCR_Sp,0.0284,29.12988,,,,https://www.webapps.nwfsc.noaa.gov/apex/parrdata/inventory/tables/table/ocean_juvenile_salmon_metrics,"Morgan, Cheryl; 03/20/2017. NOAA Fisheries Northwest Fisheries Science Center. Juvenile Salmonid Metrics: ocean_juvenile_salmon_metrics (https://www.webapps.nwfsc.noaa.gov/apex/parrdata/inventory/tables/table/ocean_juvenile_salmon_metrics)"
Row 53 of 1808,Accessed on 2019-07-24 04:02:26,51,2015-05-25T00:00:00,2015,Frosti,,,100,052515MC10,2015-05-25T11:58:00,46.3315,-124.3562,35131,Chinook salmon,Oncorhynchus tshawytscha,yearling,Ad/CWT,Ad clipped & CWT,1,142,FL (mm),Fork Length,Frozen,138,25.5,,636625,UCR_Su/F,0.9974,,,45.98257,,,,https://www.webapps.nwfsc.noaa.gov/apex/parrdata/inventory/tables/table/ocean_juvenile_salmon_metrics,"Morgan, Cheryl; 03/20/2017. NOAA Fisheries Northwest Fisheries Science Center. Juvenile Salmonid Metrics: ocean_juvenile_salmon_metrics (https://www.webapps.nwfsc.noaa.gov/apex/parrdata/inventory/tables/table/ocean_juvenile_salmon_metrics)"
Row 54 of 1808,Accessed on 2019-07-24 04:02:26,51,2015-05-25T00:00:00,2015,Frosti,,,100,052515MC10,2015-05-25T11:58:00,46.3315,-124.3562,35132,Chinook salmon,Oncorhynchus tshawytscha,yearling,Ad/PBT,Ad clipped & Parentage Based Tagging,1,148,FL (mm),Fork Length,Frozen,143,24.4,,,Snake_Sp,0.996,,,31.65,McCall,0.999506,,https://www.webapps.nwfsc.noaa.gov/apex/parrdata/inventory/tables/table/ocean_juvenile_salmon_metrics,"Morgan, Cheryl; 03/20/2017. NOAA Fisheries Northwest Fisheries Science Center. Juvenile Salmonid Metrics: ocean_juvenile_salmon_metrics (https://www.webapps.nwfsc.noaa.gov/apex/parrdata/inventory/tables/table/ocean_juvenile_salmon_metrics)"
Row 55 of 1808,Accessed on 2019-07-24 04:02:26,51,2015-05-25T00:00:00,2015,Frosti,,,100,052515MC10,2015-05-25T11:58:00,46.3315,-124.3562,35133,Chinook salmon,Oncorhynchus tshawytscha,yearling,Ad,Ad clipped,1,170,FL (mm),Fork Length,Frozen,,,,,UCR_Su/F,0.796,Snake_F,0.204,43.664,,,,https://www.webapps.nwfsc.noaa.gov/apex/parrdata/inventory/tables/table/ocean_juvenile_salmon_metrics,"Morgan, Cheryl; 03/20/2017. NOAA Fisheries Northwest Fisheries Science Center. Juvenile Salmonid Metrics: ocean_juvenile_salmon_metrics (https://www.webapps.nwfsc.noaa.gov/apex/parrdata/inventory/tables/table/ocean_juvenile_salmon_metrics)"
Row 56 of 1808,Accessed on 2019-07-24 04:02:26,51,2015-05-25T00:00:00,2015,Frosti,,,100,052515MC10,2015-05-25T11:58:00,46.3315,-124.3562,35134,Chinook salmon,Oncorhynchus tshawytscha,yearling,Ad,Ad clipped,1,146,FL (mm),Fork Length,Frozen,,,,,UCR_Su/F,0.9974,,,20.82805,,,,https://www.webapps.nwfsc.noaa.gov/apex/parrdata/inventory/tables/table/ocean_juvenile_salmon_metrics,"Morgan, Cheryl; 03/20/2017. NOAA Fisheries Northwest Fisheries Science Center. Juvenile Salmonid Metrics: ocean_juvenile_salmon_metrics (https://www.webapps.nwfsc.noaa.gov/apex/parrdata/inventory/tables/table/ocean_juvenile_salmon_metrics)"
Row 57 of 1808,Accessed on 2019-07-24 04:02:26,51,2015-05-25T00:00:00,2015,Frosti,,,100,052515MC10,2015-05-25T11:58:00,46.3315,-124.3562,35135,Chinook salmon,Oncorhynchus tshawytscha,yearling,Ad/CWT,Ad clipped & CWT,1,181,FL (mm),Fork Length,Frozen,,,,,UCR_Su/F,0.9963,,,11.49529,,,,https://www.webapps.nwfsc.noaa.gov/apex/parrdata/inventory/tables/table/ocean_juvenile_salmon_metrics,"Morgan, Cheryl; 03/20/2017. NOAA Fisheries Northwest Fisheries Science Center. Juvenile Salmonid Metrics: ocean_juvenile_salmon_metrics (https://www.webapps.nwfsc.noaa.gov/apex/parrdata/inventory/tables/table/ocean_juvenile_salmon_metrics)"
Row 58 of 1808,Accessed on 2019-07-24 04:02:26,51,2015-05-25T00:00:00,2015,Frosti,,,100,052515MC10,2015-05-25T11:58:00,46.3315,-124.3562,35136,Chinook salmon,Oncorhynchus tshawytscha,yearling,Ad/CWT,Ad clipped & CWT,1,145,FL (mm),Fork Length,Frozen,143,28.6,,636652,Snake_F,0.706,UCR_Su/F,0.294,43.5044,,,,https://www.webapps.nwfsc.noaa.gov/apex/parrdata/inventory/tables/table/ocean_juvenile_salmon_metrics,"Morgan, Cheryl; 03/20/2017. NOAA Fisheries Northwest Fisheries Science Center. Juvenile Salmonid Metrics: ocean_juvenile_salmon_metrics (https://www.webapps.nwfsc.noaa.gov/apex/parrdata/inventory/tables/table/ocean_juvenile_salmon_metrics)"
Row 59 of 1808,Accessed on 2019-07-24 04:02:26,51,2015-05-25T00:00:00,2015,Frosti,,,100,052515MC10,2015-05-25T11:58:00,46.3315,-124.3562,35137,Chinook salmon,Oncorhynchus tshawytscha,yearling,Ad,Ad clipped,1,180,FL (mm),Fork Length,Frozen,,,,,UCR_Su/F,1.0,,,43.27838,,,,https://www.webapps.nwfsc.noaa.gov/apex/parrdata/inventory/tables/table/ocean_juvenile_salmon_metrics,"Morgan, Cheryl; 03/20/2017. NOAA Fisheries Northwest Fisheries Science Center. Juvenile Salmonid Metrics: ocean_juvenile_salmon_metrics (https://www.webapps.nwfsc.noaa.gov/apex/parrdata/inventory/tables/table/ocean_juvenile_salmon_metrics)"
Row 60 of 1808,Accessed on 2019-07-24 04:02:26,51,2015-05-25T00:00:00,2015,Frosti,,,100,052515MC10,2015-05-25T11:58:00,46.3315,-124.3562,35138,Chinook salmon,Oncorhynchus tshawytscha,yearling,Ad/PBT,Ad clipped & Parentage Based Tagging,1,142,FL (mm),Fork Length,Frozen,139,20.7,,,Snake_Sp,1.0,,,9.16889,RapidRiver,0.990144,,https://www.webapps.nwfsc.noaa.gov/apex/parrdata/inventory/tables/table/ocean_juvenile_salmon_metrics,"Morgan, Cheryl; 03/20/2017. NOAA Fisheries Northwest Fisheries Science Center. Juvenile Salmonid Metrics: ocean_juvenile_salmon_metrics (https://www.webapps.nwfsc.noaa.gov/apex/parrdata/inventory/tables/table/ocean_juvenile_salmon_metrics)"
Row 61 of 1808,Accessed on 2019-07-24 04:02:26,51,2015-05-25T00:00:00,2015,Frosti,,,100,052515MC10,2015-05-25T11:58:00,46.3315,-124.3562,35139,Chinook salmon,Oncorhynchus tshawytscha,yearling,Ad/CWT/PBT,Ad clipped & CWT & Parentage Based Tagging,1,155,FL (mm),Fork Length,Frozen,151,30.8,,100265,Snake_Sp,1.0,,,56.6359,RapidRiver,0.988518,,https://www.webapps.nwfsc.noaa.gov/apex/parrdata/inventory/tables/table/ocean_juvenile_salmon_metrics,"Morgan, Cheryl; 03/20/2017. NOAA Fisheries Northwest Fisheries Science Center. Juvenile Salmonid Metrics: ocean_juvenile_salmon_metrics (https://www.webapps.nwfsc.noaa.gov/apex/parrdata/inventory/tables/table/ocean_juvenile_salmon_metrics)"
Row 62 of 1808,Accessed on 2019-07-24 04:02:26,51,2015-05-25T00:00:00,2015,Frosti,,,100,052515MC10,2015-05-25T11:58:00,46.3315,-124.3562,35140,Chinook salmon,Oncorhynchus tshawytscha,yearling,Ad/PBT,Ad clipped & Parentage Based Tagging,1,142,FL (mm),Fork Length,Frozen,142,23.1,,,Snake_Sp,0.998352,,,20.24624,Dworshak,0.998352,,https://www.webapps.nwfsc.noaa.gov/apex/parrdata/inventory/tables/table/ocean_juvenile_salmon_metrics,"Morgan, Cheryl; 03/20/2017. NOAA Fisheries Northwest Fisheries Science Center. Juvenile Salmonid Metrics: ocean_juvenile_salmon_metrics (https://www.webapps.nwfsc.noaa.gov/apex/parrdata/inventory/tables/table/ocean_juvenile_salmon_metrics)"
Row 63 of 1808,Accessed on 2019-07-24 04:02:26,51,2015-05-25T00:00:00,2015,Frosti,,,100,052515MC10,2015-05-25T11:58:00,46.3315,-124.3562,35141,Chinook salmon,Oncorhynchus tshawytscha,yearling,Ad/CWT,Ad clipped & CWT,1,159,FL (mm),Fork Length,Frozen,,,,,UCR_Su/F,0.8369,Snake_F,0.1631,44.38179,,,,https://www.webapps.nwfsc.noaa.gov/apex/parrdata/inventory/tables/table/ocean_juvenile_salmon_metrics,"Morgan, Cheryl; 03/20/2017. NOAA Fisheries Northwest Fisheries Science Center. Juvenile Salmonid Metrics: ocean_juvenile_salmon_metrics (https://www.webapps.nwfsc.noaa.gov/apex/parrdata/inventory/tables/table/ocean_juvenile_salmon_metrics)"
